title,price,rating,colors,size,gender,timestamp
Hoodie 3,7950080.0,4.85,3 Colors,L,unisex,2025-05-21 23:31:59
Pants 4,7476960.0,3.35,3 Colors,XL,men,2025-05-21 23:31:59
Jacket 6,2453920.0,3.35,3 Colors,S,unisex,2025-05-21 23:31:59
Crewneck 7,6892000.0,4.35,3 Colors,M,men,2025-05-21 23:31:59
Hoodie 9,3972160.0,3.25,3 Colors,XL,unisex,2025-05-21 23:31:59
Pants 10,3100160.0,4.25,3 Colors,XXL,men,2025-05-21 23:31:59
Jacket 12,8527840.0,3.95,3 Colors,M,unisex,2025-05-21 23:31:59
Crewneck 13,5447200.0,3.25,3 Colors,L,men,2025-05-21 23:31:59
Hoodie 15,2184160.0,3.65,3 Colors,XXL,unisex,2025-05-21 23:31:59
Jacket 18,5500000.0,3.85,3 Colors,L,unisex,2025-05-21 23:31:59
Crewneck 19,1308960.0,3.65,3 Colors,XL,men,2025-05-21 23:31:59
Pants 22,4319680.0,4.95,3 Colors,M,men,2025-05-21 23:31:59
Jacket 24,8223520.0,3.95,3 Colors,XL,unisex,2025-05-21 23:31:59
Crewneck 25,8322559.999999999,3.35,3 Colors,XXL,men,2025-05-21 23:31:59
Hoodie 27,3551840.0,4.85,3 Colors,M,unisex,2025-05-21 23:31:59
Pants 28,5216160.0,4.05,3 Colors,L,men,2025-05-21 23:31:59
Jacket 30,8610240.0,3.75,3 Colors,XXL,unisex,2025-05-21 23:31:59
Hoodie 33,7248160.0,3.55,3 Colors,L,unisex,2025-05-21 23:31:59
Pants 34,8362719.999999999,3.85,3 Colors,XL,men,2025-05-21 23:31:59
Jacket 36,7249280.0,3.75,3 Colors,S,unisex,2025-05-21 23:31:59
Crewneck 37,6006080.0,4.05,3 Colors,M,men,2025-05-21 23:31:59
Hoodie 39,6431200.0,4.65,3 Colors,XL,unisex,2025-05-21 23:31:59
Pants 40,5853600.0,3.15,3 Colors,XXL,men,2025-05-21 23:31:59
Jacket 42,6744160.0,3.75,3 Colors,M,unisex,2025-05-21 23:31:59
Crewneck 43,2909600.0,4.55,3 Colors,L,men,2025-05-21 23:31:59
Hoodie 45,8693120.0,4.55,3 Colors,XXL,unisex,2025-05-21 23:31:59
Jacket 48,4994720.0,3.45,3 Colors,L,unisex,2025-05-21 23:31:59
Crewneck 49,1071200.0,4.05,3 Colors,XL,men,2025-05-21 23:31:59
Pants 52,1596480.0,4.05,3 Colors,M,men,2025-05-21 23:31:59
Jacket 54,854560.0,4.25,3 Colors,XL,unisex,2025-05-21 23:31:59
Crewneck 55,1793760.0,3.65,3 Colors,XXL,men,2025-05-21 23:31:59
Hoodie 57,3155360.0,4.95,3 Colors,M,unisex,2025-05-21 23:31:59
Pants 58,1637760.0,4.45,3 Colors,L,men,2025-05-21 23:31:59
Jacket 60,3375520.0,4.25,3 Colors,XXL,unisex,2025-05-21 23:31:59
Hoodie 63,6479200.0,3.65,3 Colors,L,unisex,2025-05-21 23:31:59
Pants 64,7728480.0,4.05,3 Colors,XL,men,2025-05-21 23:31:59
Jacket 66,4353120.0,3.55,3 Colors,S,unisex,2025-05-21 23:31:59
Crewneck 67,8470720.0,3.55,3 Colors,M,men,2025-05-21 23:31:59
Hoodie 69,1027839.9999999999,3.65,3 Colors,XL,unisex,2025-05-21 23:31:59
Pants 70,1171360.0,4.45,3 Colors,XXL,men,2025-05-21 23:31:59
Jacket 72,3776000.0,4.45,3 Colors,M,unisex,2025-05-21 23:31:59
Crewneck 73,2460320.0,3.05,3 Colors,L,men,2025-05-21 23:31:59
Hoodie 75,2101760.0,4.35,3 Colors,XXL,unisex,2025-05-21 23:31:59
Jacket 78,2716480.0,4.35,3 Colors,L,unisex,2025-05-21 23:31:59
Crewneck 79,3309600.0,4.65,3 Colors,XL,men,2025-05-21 23:31:59
Pants 82,8315520.0,4.85,3 Colors,M,men,2025-05-21 23:31:59
Jacket 84,2826080.0,4.85,3 Colors,XL,unisex,2025-05-21 23:31:59
Crewneck 85,4564160.0,3.55,3 Colors,XXL,men,2025-05-21 23:31:59
Hoodie 87,7870240.0,4.35,3 Colors,M,unisex,2025-05-21 23:31:59
Pants 88,7590400.0,3.15,3 Colors,L,men,2025-05-21 23:31:59
Jacket 90,7160000.0,4.05,3 Colors,XXL,unisex,2025-05-21 23:31:59
Hoodie 93,1365280.0,3.65,3 Colors,L,unisex,2025-05-21 23:31:59
Pants 94,1074880.0,4.35,3 Colors,XL,men,2025-05-21 23:31:59
Jacket 96,4598240.0,4.95,3 Colors,S,unisex,2025-05-21 23:31:59
Crewneck 97,6113120.0,3.95,3 Colors,M,men,2025-05-21 23:31:59
Hoodie 99,5028000.0,3.65,3 Colors,XL,unisex,2025-05-21 23:31:59
Pants 100,2217280.0,4.65,3 Colors,XXL,men,2025-05-21 23:31:59
Jacket 102,3840640.0,3.35,3 Colors,M,unisex,2025-05-21 23:31:59
Crewneck 103,2331680.0,3.55,3 Colors,L,men,2025-05-21 23:31:59
Hoodie 105,5019840.0,4.25,3 Colors,XXL,unisex,2025-05-21 23:31:59
Jacket 108,5551680.0,4.85,3 Colors,L,unisex,2025-05-21 23:31:59
Crewneck 109,5886880.0,3.35,3 Colors,XL,men,2025-05-21 23:31:59
Pants 112,4261920.0,3.35,3 Colors,M,men,2025-05-21 23:31:59
Jacket 114,5386560.0,4.95,3 Colors,XL,unisex,2025-05-21 23:31:59
Crewneck 115,1933280.0,4.55,3 Colors,XXL,men,2025-05-21 23:31:59
Hoodie 117,3376320.0,5.05,3 Colors,M,unisex,2025-05-21 23:31:59
Pants 118,5585440.0,3.25,3 Colors,L,men,2025-05-21 23:31:59
Jacket 120,7480320.0,4.05,3 Colors,XXL,unisex,2025-05-21 23:31:59
Hoodie 123,4498080.0,3.85,3 Colors,L,unisex,2025-05-21 23:31:59
Pants 124,7023520.0,3.25,3 Colors,XL,men,2025-05-21 23:31:59
Jacket 126,4426080.0,3.95,3 Colors,S,unisex,2025-05-21 23:31:59
Crewneck 127,8311680.0,4.05,3 Colors,M,men,2025-05-21 23:31:59
Hoodie 129,2532480.0,4.55,3 Colors,XL,unisex,2025-05-21 23:31:59
Pants 130,6603520.0,4.85,3 Colors,XXL,men,2025-05-21 23:31:59
Jacket 132,6474880.0,4.25,3 Colors,M,unisex,2025-05-21 23:31:59
Crewneck 133,2016320.0,4.75,3 Colors,L,men,2025-05-21 23:31:59
Hoodie 135,5141440.0,4.75,3 Colors,XXL,unisex,2025-05-21 23:31:59
Jacket 138,4635520.0,3.45,3 Colors,L,unisex,2025-05-21 23:31:59
Crewneck 139,8053120.0,4.55,3 Colors,XL,men,2025-05-21 23:31:59
Pants 142,2325280.0,4.95,3 Colors,M,men,2025-05-21 23:31:59
Jacket 144,5758240.0,4.35,3 Colors,XL,unisex,2025-05-21 23:31:59
Crewneck 145,3472800.0,4.85,3 Colors,XXL,men,2025-05-21 23:31:59
Hoodie 147,3052800.0,5.05,3 Colors,M,unisex,2025-05-21 23:31:59
Pants 148,6033440.0,4.75,3 Colors,L,men,2025-05-21 23:31:59
Jacket 150,1500640.0,3.65,3 Colors,XXL,unisex,2025-05-21 23:31:59
Hoodie 153,2660640.0,4.35,3 Colors,L,unisex,2025-05-21 23:31:59
Pants 154,2337440.0,3.05,3 Colors,XL,men,2025-05-21 23:31:59
Jacket 156,6645120.0,3.65,3 Colors,S,unisex,2025-05-21 23:31:59
Crewneck 157,1105760.0,4.05,3 Colors,M,men,2025-05-21 23:31:59
Hoodie 159,2371680.0,4.95,3 Colors,XL,unisex,2025-05-21 23:31:59
Pants 160,2802880.0,3.45,3 Colors,XXL,men,2025-05-21 23:31:59
Jacket 162,1543840.0,4.55,3 Colors,M,unisex,2025-05-21 23:31:59
Crewneck 163,7861920.0,4.45,3 Colors,L,men,2025-05-21 23:31:59
Hoodie 165,6921280.0,4.95,3 Colors,XXL,unisex,2025-05-21 23:31:59
Jacket 168,870400.0,4.45,3 Colors,L,unisex,2025-05-21 23:31:59
Crewneck 169,8032800.0,4.75,3 Colors,XL,men,2025-05-21 23:31:59
Pants 172,1566080.0,4.95,3 Colors,M,men,2025-05-21 23:31:59
Jacket 174,6282240.0,3.35,3 Colors,XL,unisex,2025-05-21 23:31:59
Crewneck 175,8125120.0,4.55,3 Colors,XXL,men,2025-05-21 23:31:59
Hoodie 177,1890400.0,4.65,3 Colors,M,unisex,2025-05-21 23:31:59
Pants 178,6184160.0,3.05,3 Colors,L,men,2025-05-21 23:31:59
Jacket 180,5552640.0,3.95,3 Colors,XXL,unisex,2025-05-21 23:31:59
Hoodie 183,3904640.0,3.65,3 Colors,L,unisex,2025-05-21 23:31:59
Pants 184,7759520.0,4.55,3 Colors,XL,men,2025-05-21 23:31:59
Jacket 186,6940480.0,4.25,3 Colors,S,unisex,2025-05-21 23:31:59
Crewneck 187,6663520.0,3.85,3 Colors,M,men,2025-05-21 23:31:59
Hoodie 189,1946720.0,4.05,3 Colors,XL,unisex,2025-05-21 23:31:59
Pants 190,2220960.0,4.55,3 Colors,XXL,men,2025-05-21 23:31:59
Jacket 192,5066240.0,3.85,3 Colors,M,unisex,2025-05-21 23:31:59
Crewneck 193,7355680.0,4.15,3 Colors,L,men,2025-05-21 23:31:59
Hoodie 195,7208960.0,4.95,3 Colors,XXL,unisex,2025-05-21 23:31:59
Jacket 198,5435040.0,4.55,3 Colors,L,unisex,2025-05-21 23:31:59
Crewneck 199,6744320.0,3.15,3 Colors,XL,men,2025-05-21 23:31:59
Pants 202,5592480.0,3.35,3 Colors,M,men,2025-05-21 23:31:59
Jacket 204,6031040.0,3.95,3 Colors,XL,unisex,2025-05-21 23:31:59
Crewneck 205,6434880.0,3.25,3 Colors,XXL,men,2025-05-21 23:31:59
Hoodie 207,6101440.0,3.55,3 Colors,M,unisex,2025-05-21 23:31:59
Pants 208,4637600.0,3.15,3 Colors,L,men,2025-05-21 23:31:59
Jacket 210,7827360.0,4.75,3 Colors,XXL,unisex,2025-05-21 23:31:59
Hoodie 213,5748000.0,3.65,3 Colors,L,unisex,2025-05-21 23:31:59
Pants 214,4315680.0,4.95,3 Colors,XL,men,2025-05-21 23:31:59
Jacket 216,4576480.0,4.65,3 Colors,S,unisex,2025-05-21 23:31:59
Crewneck 217,5772960.0,4.85,3 Colors,M,men,2025-05-21 23:31:59
Hoodie 219,5671040.0,4.65,3 Colors,XL,unisex,2025-05-21 23:31:59
Pants 220,3357600.0,3.25,3 Colors,XXL,men,2025-05-21 23:31:59
Jacket 222,7438080.0,3.45,3 Colors,M,unisex,2025-05-21 23:31:59
Crewneck 223,952960.0,4.85,3 Colors,L,men,2025-05-21 23:31:59
Hoodie 225,5232800.0,3.55,3 Colors,XXL,unisex,2025-05-21 23:31:59
Jacket 228,8076800.0,4.55,3 Colors,L,unisex,2025-05-21 23:31:59
Crewneck 229,3101920.0,4.95,3 Colors,XL,men,2025-05-21 23:31:59
Pants 232,8327360.000000001,4.05,3 Colors,M,men,2025-05-21 23:31:59
Jacket 234,1159200.0,4.55,3 Colors,XL,unisex,2025-05-21 23:31:59
Crewneck 235,6560320.0,3.45,3 Colors,XXL,men,2025-05-21 23:31:59
Hoodie 237,4743520.0,3.15,3 Colors,M,unisex,2025-05-21 23:31:59
Pants 238,8301920.0,3.85,3 Colors,L,men,2025-05-21 23:31:59
Jacket 240,7600000.0,3.85,3 Colors,XXL,unisex,2025-05-21 23:31:59
Hoodie 243,3371680.0,3.15,3 Colors,L,unisex,2025-05-21 23:31:59
Pants 244,8116160.0,3.15,3 Colors,XL,men,2025-05-21 23:31:59
Jacket 246,8735040.0,3.15,3 Colors,S,unisex,2025-05-21 23:31:59
Crewneck 247,8769120.0,3.05,3 Colors,M,men,2025-05-21 23:31:59
Hoodie 249,2149440.0,4.25,3 Colors,XL,unisex,2025-05-21 23:31:59
Pants 250,4314240.0,3.15,3 Colors,XXL,men,2025-05-21 23:31:59
Jacket 252,8408480.0,3.25,3 Colors,M,unisex,2025-05-21 23:31:59
Crewneck 253,1854720.0,3.95,3 Colors,L,men,2025-05-21 23:31:59
Hoodie 255,3668000.0,4.15,3 Colors,XXL,unisex,2025-05-21 23:31:59
Jacket 258,2080639.9999999998,4.75,3 Colors,L,unisex,2025-05-21 23:31:59
Crewneck 259,2275520.0,3.35,3 Colors,XL,men,2025-05-21 23:31:59
Pants 262,1097760.0,3.45,3 Colors,M,men,2025-05-21 23:31:59
Jacket 264,2063040.0,4.85,3 Colors,XL,unisex,2025-05-21 23:31:59
Crewneck 265,2483040.0,3.55,3 Colors,XXL,men,2025-05-21 23:31:59
Hoodie 267,4086240.0,4.35,3 Colors,M,unisex,2025-05-21 23:31:59
Pants 268,5005120.0,3.65,3 Colors,L,men,2025-05-21 23:31:59
Jacket 270,2569120.0,4.25,3 Colors,XXL,unisex,2025-05-21 23:31:59
Hoodie 273,5291360.0,4.95,3 Colors,L,unisex,2025-05-21 23:31:59
Pants 274,3669280.0,4.25,3 Colors,XL,men,2025-05-21 23:31:59
Jacket 276,1013600.0,4.35,3 Colors,S,unisex,2025-05-21 23:31:59
Crewneck 277,2383680.0,4.75,3 Colors,M,men,2025-05-21 23:31:59
Hoodie 279,5592320.0,4.75,3 Colors,XL,unisex,2025-05-21 23:31:59
Pants 280,7501440.0,3.95,3 Colors,XXL,men,2025-05-21 23:31:59
Jacket 282,2227040.0,3.05,3 Colors,M,unisex,2025-05-21 23:31:59
Crewneck 283,6633120.0,3.25,3 Colors,L,men,2025-05-21 23:31:59
Hoodie 285,3009120.0,3.25,3 Colors,XXL,unisex,2025-05-21 23:31:59
Jacket 288,3123040.0,4.15,3 Colors,L,unisex,2025-05-21 23:31:59
Crewneck 289,888000.0,4.05,3 Colors,XL,men,2025-05-21 23:31:59
Pants 292,2384480.0,3.95,3 Colors,M,men,2025-05-21 23:31:59
Jacket 294,5947200.0,3.85,3 Colors,XL,unisex,2025-05-21 23:31:59
Crewneck 295,7266720.0,4.95,3 Colors,XXL,men,2025-05-21 23:31:59
Hoodie 297,7801120.0,3.65,3 Colors,M,unisex,2025-05-21 23:31:59
Pants 298,2426080.0,4.85,3 Colors,L,men,2025-05-21 23:31:59
Jacket 300,6408480.0,4.05,3 Colors,XXL,unisex,2025-05-21 23:31:59
Hoodie 303,7974560.0,4.15,3 Colors,L,unisex,2025-05-21 23:31:59
Pants 304,7129760.0,3.45,3 Colors,XL,men,2025-05-21 23:31:59
Jacket 306,7575040.0,4.25,3 Colors,S,unisex,2025-05-21 23:31:59
Crewneck 307,7735200.0,3.75,3 Colors,M,men,2025-05-21 23:31:59
Hoodie 309,3953120.0,4.85,3 Colors,XL,unisex,2025-05-21 23:31:59
Pants 310,6329280.0,4.75,3 Colors,XXL,men,2025-05-21 23:31:59
Jacket 312,7267040.0,3.85,3 Colors,M,unisex,2025-05-21 23:31:59
Crewneck 313,1948320.0,3.15,3 Colors,L,men,2025-05-21 23:31:59
Hoodie 315,7022880.0,3.15,3 Colors,XXL,unisex,2025-05-21 23:31:59
Jacket 318,5667200.0,3.75,3 Colors,L,unisex,2025-05-21 23:31:59
Crewneck 319,3085920.0,3.35,3 Colors,XL,men,2025-05-21 23:31:59
Pants 322,7810400.0,3.25,3 Colors,M,men,2025-05-21 23:31:59
Jacket 324,6082720.0,3.35,3 Colors,XL,unisex,2025-05-21 23:31:59
Crewneck 325,3001760.0,3.45,3 Colors,XXL,men,2025-05-21 23:31:59
Hoodie 327,6641440.0,4.45,3 Colors,M,unisex,2025-05-21 23:31:59
Pants 328,5732960.0,4.55,3 Colors,L,men,2025-05-21 23:31:59
Jacket 330,1591200.0,4.35,3 Colors,XXL,unisex,2025-05-21 23:31:59
Hoodie 333,1746080.0,4.85,3 Colors,L,unisex,2025-05-21 23:31:59
Pants 334,2409440.0,3.85,3 Colors,XL,men,2025-05-21 23:31:59
Jacket 336,6237760.0,5.05,3 Colors,S,unisex,2025-05-21 23:31:59
Crewneck 337,8608800.0,4.35,3 Colors,M,men,2025-05-21 23:31:59
Hoodie 339,4424800.0,4.95,3 Colors,XL,unisex,2025-05-21 23:31:59
Pants 340,5975200.0,4.35,3 Colors,XXL,men,2025-05-21 23:31:59
Jacket 342,1827680.0,4.85,3 Colors,M,unisex,2025-05-21 23:31:59
Crewneck 343,2279040.0,4.15,3 Colors,L,men,2025-05-21 23:31:59
Hoodie 345,7577440.0,3.35,3 Colors,XXL,unisex,2025-05-21 23:31:59
Jacket 348,3195040.0,4.65,3 Colors,L,unisex,2025-05-21 23:31:59
Crewneck 349,6085600.0,3.55,3 Colors,XL,men,2025-05-21 23:31:59
Pants 352,2838880.0,4.05,3 Colors,M,men,2025-05-21 23:31:59
Jacket 354,2294720.0,3.85,3 Colors,XL,unisex,2025-05-21 23:31:59
Crewneck 355,4246560.0,3.25,3 Colors,XXL,men,2025-05-21 23:31:59
Hoodie 357,3739360.0,3.65,3 Colors,M,unisex,2025-05-21 23:31:59
Pants 358,8479520.0,3.95,3 Colors,L,men,2025-05-21 23:31:59
Jacket 360,8788320.0,4.85,3 Colors,XXL,unisex,2025-05-21 23:31:59
Hoodie 363,1171360.0,3.25,3 Colors,L,unisex,2025-05-21 23:31:59
Pants 364,4972800.0,4.85,3 Colors,XL,men,2025-05-21 23:31:59
Jacket 366,5854880.0,4.95,3 Colors,S,unisex,2025-05-21 23:31:59
Crewneck 367,8359360.000000001,4.95,3 Colors,M,men,2025-05-21 23:31:59
Hoodie 369,7204960.0,4.75,3 Colors,XL,unisex,2025-05-21 23:31:59
Pants 370,4559680.0,3.65,3 Colors,XXL,men,2025-05-21 23:31:59
Jacket 372,5052960.0,3.65,3 Colors,M,unisex,2025-05-21 23:31:59
Crewneck 373,2231040.0,3.65,3 Colors,L,men,2025-05-21 23:31:59
Hoodie 375,7027520.0,3.95,3 Colors,XXL,unisex,2025-05-21 23:31:59
Jacket 378,3402400.0,3.65,3 Colors,L,unisex,2025-05-21 23:31:59
Crewneck 379,3963200.0,4.45,3 Colors,XL,men,2025-05-21 23:31:59
Pants 382,1356160.0,4.45,3 Colors,M,men,2025-05-21 23:31:59
Jacket 384,1452960.0,3.35,3 Colors,XL,unisex,2025-05-21 23:31:59
Crewneck 385,7950720.0,4.95,3 Colors,XXL,men,2025-05-21 23:31:59
Hoodie 387,8418080.0,4.25,3 Colors,M,unisex,2025-05-21 23:31:59
Pants 388,931200.0,3.15,3 Colors,L,men,2025-05-21 23:31:59
Jacket 390,5432960.0,3.35,3 Colors,XXL,unisex,2025-05-21 23:31:59
Hoodie 393,4068480.0,3.25,3 Colors,L,unisex,2025-05-21 23:31:59
Pants 394,3540000.0,3.35,3 Colors,XL,men,2025-05-21 23:31:59
Jacket 396,2505280.0,3.95,3 Colors,S,unisex,2025-05-21 23:31:59
Crewneck 397,855360.0,3.65,3 Colors,M,men,2025-05-21 23:31:59
Hoodie 399,2523520.0,3.65,3 Colors,XL,unisex,2025-05-21 23:31:59
Pants 400,6020640.0,4.75,3 Colors,XXL,men,2025-05-21 23:31:59
Jacket 402,2029120.0,4.65,3 Colors,M,unisex,2025-05-21 23:31:59
Crewneck 403,1580320.0,4.15,3 Colors,L,men,2025-05-21 23:31:59
Hoodie 405,5080160.0,3.85,3 Colors,XXL,unisex,2025-05-21 23:31:59
Jacket 408,4176000.0,4.95,3 Colors,L,unisex,2025-05-21 23:31:59
Crewneck 409,3221760.0,3.55,3 Colors,XL,men,2025-05-21 23:31:59
Pants 412,5438240.0,4.45,3 Colors,M,men,2025-05-21 23:31:59
Jacket 414,2234720.0,3.75,3 Colors,XL,unisex,2025-05-21 23:31:59
Crewneck 415,3617440.0,3.15,3 Colors,XXL,men,2025-05-21 23:31:59
Hoodie 417,2769440.0,4.65,3 Colors,M,unisex,2025-05-21 23:31:59
Pants 418,6307840.0,5.05,3 Colors,L,men,2025-05-21 23:31:59
Jacket 420,2472640.0,3.15,3 Colors,XXL,unisex,2025-05-21 23:31:59
Hoodie 423,4601760.0,3.75,3 Colors,L,unisex,2025-05-21 23:31:59
Pants 424,3865760.0,4.45,3 Colors,XL,men,2025-05-21 23:31:59
Jacket 426,3462400.0,3.45,3 Colors,S,unisex,2025-05-21 23:31:59
Crewneck 427,6375200.0,3.35,3 Colors,M,men,2025-05-21 23:31:59
Hoodie 429,1658560.0,4.95,3 Colors,XL,unisex,2025-05-21 23:31:59
Pants 430,1442080.0,3.95,3 Colors,XXL,men,2025-05-21 23:31:59
Jacket 432,2151840.0,4.55,3 Colors,M,unisex,2025-05-21 23:31:59
Crewneck 433,3872480.0,4.25,3 Colors,L,men,2025-05-21 23:31:59
Hoodie 435,1015680.0,4.05,3 Colors,XXL,unisex,2025-05-21 23:31:59
Jacket 438,2453120.0,4.55,3 Colors,L,unisex,2025-05-21 23:31:59
Crewneck 439,4005440.0,3.25,3 Colors,XL,men,2025-05-21 23:31:59
Pants 442,4701600.0,4.35,3 Colors,M,men,2025-05-21 23:31:59
Jacket 444,4016960.0,3.35,3 Colors,XL,unisex,2025-05-21 23:31:59
Crewneck 445,3574240.0,4.55,3 Colors,XXL,men,2025-05-21 23:31:59
Hoodie 447,4748640.0,4.05,3 Colors,M,unisex,2025-05-21 23:31:59
Pants 448,820160.0,4.45,3 Colors,L,men,2025-05-21 23:31:59
Jacket 450,8754880.0,3.15,3 Colors,XXL,unisex,2025-05-21 23:31:59
Hoodie 453,6576960.0,4.25,3 Colors,L,unisex,2025-05-21 23:31:59
Pants 454,2179520.0,5.05,3 Colors,XL,men,2025-05-21 23:31:59
Jacket 456,8096000.0,4.15,3 Colors,S,unisex,2025-05-21 23:31:59
Crewneck 457,7342880.0,4.85,3 Colors,M,men,2025-05-21 23:31:59
Hoodie 459,3237280.0,3.55,3 Colors,XL,unisex,2025-05-21 23:31:59
Pants 460,1880800.0,3.65,3 Colors,XXL,men,2025-05-21 23:31:59
Jacket 462,6767840.0,4.55,3 Colors,M,unisex,2025-05-21 23:31:59
Crewneck 463,7539520.0,4.55,3 Colors,L,men,2025-05-21 23:31:59
Hoodie 465,6164320.0,4.75,3 Colors,XXL,unisex,2025-05-21 23:31:59
Jacket 468,4584960.0,3.75,3 Colors,L,unisex,2025-05-21 23:31:59
Crewneck 469,1738880.0,4.25,3 Colors,XL,men,2025-05-21 23:31:59
Pants 472,3902080.0,3.15,3 Colors,M,men,2025-05-21 23:31:59
Jacket 474,5864960.0,4.75,3 Colors,XL,unisex,2025-05-21 23:31:59
Crewneck 475,7017280.0,4.65,3 Colors,XXL,men,2025-05-21 23:31:59
Hoodie 477,6626080.0,4.25,3 Colors,M,unisex,2025-05-21 23:31:59
Pants 478,4912000.0,3.85,3 Colors,L,men,2025-05-21 23:31:59
Jacket 480,4986240.0,4.25,3 Colors,XXL,unisex,2025-05-21 23:31:59
Hoodie 483,4035040.0,4.25,3 Colors,L,unisex,2025-05-21 23:31:59
Pants 484,6428640.0,4.15,3 Colors,XL,men,2025-05-21 23:31:59
Jacket 486,2573760.0,3.05,3 Colors,S,unisex,2025-05-21 23:31:59
Crewneck 487,6955520.0,3.75,3 Colors,M,men,2025-05-21 23:31:59
Hoodie 489,3554560.0,5.05,3 Colors,XL,unisex,2025-05-21 23:31:59
Pants 490,7081600.0,3.15,3 Colors,XXL,men,2025-05-21 23:31:59
Jacket 492,6011840.0,3.05,3 Colors,M,unisex,2025-05-21 23:31:59
Crewneck 493,5071520.0,4.85,3 Colors,L,men,2025-05-21 23:31:59
Hoodie 495,1663200.0,4.55,3 Colors,XXL,unisex,2025-05-21 23:31:59
Jacket 498,4412800.0,4.65,3 Colors,L,unisex,2025-05-21 23:31:59
Crewneck 499,7825920.0,4.15,3 Colors,XL,men,2025-05-21 23:31:59
Pants 502,7132480.0,4.45,3 Colors,M,men,2025-05-21 23:31:59
Jacket 504,8024480.0,5.05,3 Colors,XL,unisex,2025-05-21 23:31:59
Crewneck 505,8747680.0,4.35,3 Colors,XXL,men,2025-05-21 23:31:59
Hoodie 507,6844000.0,4.75,3 Colors,M,unisex,2025-05-21 23:31:59
Pants 508,7766080.0,3.55,3 Colors,L,men,2025-05-21 23:31:59
Jacket 510,1562080.0,3.45,3 Colors,XXL,unisex,2025-05-21 23:31:59
Hoodie 513,1693760.0,4.45,3 Colors,L,unisex,2025-05-21 23:31:59
Pants 514,6888960.0,3.95,3 Colors,XL,men,2025-05-21 23:31:59
Jacket 516,7130720.0,3.45,3 Colors,S,unisex,2025-05-21 23:31:59
Crewneck 517,1069280.0,3.55,3 Colors,M,men,2025-05-21 23:31:59
Hoodie 519,2236160.0,4.55,3 Colors,XL,unisex,2025-05-21 23:31:59
Pants 520,2308320.0,3.85,3 Colors,XXL,men,2025-05-21 23:31:59
Jacket 522,6292960.0,4.05,3 Colors,M,unisex,2025-05-21 23:31:59
Crewneck 523,3626720.0,4.65,3 Colors,L,men,2025-05-21 23:31:59
Hoodie 525,7919040.0,3.65,3 Colors,XXL,unisex,2025-05-21 23:31:59
Jacket 528,5595840.0,4.05,3 Colors,L,unisex,2025-05-21 23:31:59
Crewneck 529,1420160.0,3.25,3 Colors,XL,men,2025-05-21 23:31:59
Pants 532,8391200.0,4.15,3 Colors,M,men,2025-05-21 23:31:59
Jacket 534,3479200.0,3.75,3 Colors,XL,unisex,2025-05-21 23:31:59
Crewneck 535,3901280.0,3.75,3 Colors,XXL,men,2025-05-21 23:31:59
Hoodie 537,8671840.0,3.15,3 Colors,M,unisex,2025-05-21 23:31:59
Pants 538,6134240.0,3.45,3 Colors,L,men,2025-05-21 23:31:59
Jacket 540,7051840.0,4.45,3 Colors,XXL,unisex,2025-05-21 23:31:59
Hoodie 543,8715680.0,4.75,3 Colors,L,unisex,2025-05-21 23:31:59
Pants 544,5957760.0,3.15,3 Colors,XL,men,2025-05-21 23:31:59
Jacket 546,6271520.0,3.35,3 Colors,S,unisex,2025-05-21 23:31:59
Crewneck 547,5361120.0,3.95,3 Colors,M,men,2025-05-21 23:31:59
Hoodie 549,2687200.0,3.75,3 Colors,XL,unisex,2025-05-21 23:31:59
Pants 550,4450080.0,4.95,3 Colors,XXL,men,2025-05-21 23:31:59
Jacket 552,5380320.0,4.15,3 Colors,M,unisex,2025-05-21 23:31:59
Crewneck 553,7760800.0,3.85,3 Colors,L,men,2025-05-21 23:31:59
Hoodie 555,1809600.0,3.05,3 Colors,XXL,unisex,2025-05-21 23:31:59
Jacket 558,5007040.0,4.05,3 Colors,L,unisex,2025-05-21 23:31:59
Crewneck 559,1590880.0,3.55,3 Colors,XL,men,2025-05-21 23:31:59
Pants 562,3724160.0,4.55,3 Colors,M,men,2025-05-21 23:31:59
Jacket 564,8319200.000000001,4.35,3 Colors,XL,unisex,2025-05-21 23:31:59
Crewneck 565,7635200.0,3.55,3 Colors,XXL,men,2025-05-21 23:31:59
Hoodie 567,4576160.0,3.25,3 Colors,M,unisex,2025-05-21 23:31:59
Pants 568,2984160.0,3.35,3 Colors,L,men,2025-05-21 23:31:59
Jacket 570,4000960.0,3.95,3 Colors,XXL,unisex,2025-05-21 23:31:59
Hoodie 573,6954080.0,4.55,3 Colors,L,unisex,2025-05-21 23:31:59
Pants 574,2424000.0,3.85,3 Colors,XL,men,2025-05-21 23:31:59
Jacket 576,805600.0,3.55,3 Colors,S,unisex,2025-05-21 23:31:59
Crewneck 577,7873920.0,3.35,3 Colors,M,men,2025-05-21 23:31:59
Hoodie 579,4428640.0,4.45,3 Colors,XL,unisex,2025-05-21 23:31:59
Pants 580,2625440.0,3.35,3 Colors,XXL,men,2025-05-21 23:31:59
Jacket 582,4112160.0,4.15,3 Colors,M,unisex,2025-05-21 23:31:59
Crewneck 583,5737760.0,4.55,3 Colors,L,men,2025-05-21 23:31:59
Hoodie 585,6186880.0,4.95,3 Colors,XXL,unisex,2025-05-21 23:31:59
Jacket 588,4963040.0,4.75,3 Colors,L,unisex,2025-05-21 23:31:59
Crewneck 589,931840.0,4.75,3 Colors,XL,men,2025-05-21 23:31:59
Pants 592,6805440.0,4.35,3 Colors,M,men,2025-05-21 23:31:59
Jacket 594,8707680.0,4.25,3 Colors,XL,unisex,2025-05-21 23:31:59
Crewneck 595,3723840.0,3.55,3 Colors,XXL,men,2025-05-21 23:31:59
Hoodie 597,7969440.0,3.35,3 Colors,M,unisex,2025-05-21 23:31:59
Pants 598,4714080.0,4.15,3 Colors,L,men,2025-05-21 23:31:59
Jacket 600,6414080.0,3.05,3 Colors,XXL,unisex,2025-05-21 23:31:59
Hoodie 603,7511520.0,3.15,3 Colors,L,unisex,2025-05-21 23:31:59
Pants 604,7662240.0,4.35,3 Colors,XL,men,2025-05-21 23:31:59
Jacket 606,5770720.0,4.65,3 Colors,S,unisex,2025-05-21 23:31:59
Crewneck 607,3857600.0,3.15,3 Colors,M,men,2025-05-21 23:31:59
Hoodie 609,2956320.0,4.15,3 Colors,XL,unisex,2025-05-21 23:31:59
Pants 610,4515360.0,3.35,3 Colors,XXL,men,2025-05-21 23:31:59
Jacket 612,3202720.0,3.15,3 Colors,M,unisex,2025-05-21 23:31:59
Crewneck 613,1013920.0,3.65,3 Colors,L,men,2025-05-21 23:31:59
Hoodie 615,4798720.0,4.85,3 Colors,XXL,unisex,2025-05-21 23:31:59
Jacket 618,6474080.0,3.35,3 Colors,L,unisex,2025-05-21 23:31:59
Crewneck 619,8340639.999999999,4.45,3 Colors,XL,men,2025-05-21 23:31:59
Pants 622,4849600.0,3.55,3 Colors,M,men,2025-05-21 23:31:59
Jacket 624,6943200.0,3.95,3 Colors,XL,unisex,2025-05-21 23:31:59
Crewneck 625,7826400.0,4.15,3 Colors,XXL,men,2025-05-21 23:31:59
Hoodie 627,1232320.0,3.25,3 Colors,M,unisex,2025-05-21 23:31:59
Pants 628,8113120.0,4.35,3 Colors,L,men,2025-05-21 23:31:59
Jacket 630,1003680.0,3.85,3 Colors,XXL,unisex,2025-05-21 23:31:59
Hoodie 633,3128000.0,3.15,3 Colors,L,unisex,2025-05-21 23:31:59
Pants 634,8535680.0,3.95,3 Colors,XL,men,2025-05-21 23:31:59
Jacket 636,3476320.0,4.55,3 Colors,S,unisex,2025-05-21 23:31:59
Crewneck 637,6030240.0,4.05,3 Colors,M,men,2025-05-21 23:31:59
Hoodie 639,6782720.0,4.75,3 Colors,XL,unisex,2025-05-21 23:31:59
Pants 640,3038560.0,3.85,3 Colors,XXL,men,2025-05-21 23:31:59
Jacket 642,7747360.0,4.75,3 Colors,M,unisex,2025-05-21 23:31:59
Crewneck 643,6116000.0,3.25,3 Colors,L,men,2025-05-21 23:31:59
Hoodie 645,3285440.0,3.35,3 Colors,XXL,unisex,2025-05-21 23:31:59
Jacket 648,8699520.0,4.55,3 Colors,L,unisex,2025-05-21 23:31:59
Crewneck 649,8588160.0,3.25,3 Colors,XL,men,2025-05-21 23:31:59
Pants 652,6084960.0,3.35,3 Colors,M,men,2025-05-21 23:31:59
Jacket 654,4089440.0,4.75,3 Colors,XL,unisex,2025-05-21 23:31:59
Crewneck 655,1834240.0,4.15,3 Colors,XXL,men,2025-05-21 23:31:59
Hoodie 657,8459040.0,4.85,3 Colors,M,unisex,2025-05-21 23:31:59
Pants 658,6268320.0,3.85,3 Colors,L,men,2025-05-21 23:31:59
Jacket 660,8715200.0,3.55,3 Colors,XXL,unisex,2025-05-21 23:31:59
Hoodie 663,7087200.0,4.05,3 Colors,L,unisex,2025-05-21 23:31:59
Pants 664,8248639.999999999,3.55,3 Colors,XL,men,2025-05-21 23:31:59
Jacket 666,4844000.0,3.95,3 Colors,S,unisex,2025-05-21 23:31:59
Crewneck 667,1756640.0,3.75,3 Colors,M,men,2025-05-21 23:31:59
Hoodie 669,2346080.0,3.35,3 Colors,XL,unisex,2025-05-21 23:31:59
Pants 670,8406720.0,4.85,3 Colors,XXL,men,2025-05-21 23:31:59
Jacket 672,4776160.0,4.55,3 Colors,M,unisex,2025-05-21 23:31:59
Crewneck 673,2803360.0,4.75,3 Colors,L,men,2025-05-21 23:31:59
Hoodie 675,4314880.0,3.25,3 Colors,XXL,unisex,2025-05-21 23:31:59
Jacket 678,2777120.0,4.35,3 Colors,L,unisex,2025-05-21 23:31:59
Crewneck 679,6373120.0,3.25,3 Colors,XL,men,2025-05-21 23:31:59
Pants 682,7616480.0,3.95,3 Colors,M,men,2025-05-21 23:31:59
Jacket 684,7102560.0,3.55,3 Colors,XL,unisex,2025-05-21 23:31:59
Crewneck 685,1495840.0,4.65,3 Colors,XXL,men,2025-05-21 23:31:59
Hoodie 687,4220800.0,4.75,3 Colors,M,unisex,2025-05-21 23:31:59
Pants 688,1487520.0,4.45,3 Colors,L,men,2025-05-21 23:31:59
Jacket 690,8782560.0,4.75,3 Colors,XXL,unisex,2025-05-21 23:31:59
Hoodie 693,3031680.0,4.15,3 Colors,L,unisex,2025-05-21 23:31:59
Pants 694,2466720.0,3.45,3 Colors,XL,men,2025-05-21 23:31:59
Jacket 696,5146240.0,4.25,3 Colors,S,unisex,2025-05-21 23:31:59
Crewneck 697,6545120.0,5.05,3 Colors,M,men,2025-05-21 23:31:59
Hoodie 699,5250240.0,4.55,3 Colors,XL,unisex,2025-05-21 23:31:59
Pants 700,3526560.0,4.35,3 Colors,XXL,men,2025-05-21 23:31:59
Jacket 702,4927680.0,4.35,3 Colors,M,unisex,2025-05-21 23:31:59
Crewneck 703,2949120.0,4.25,3 Colors,L,men,2025-05-21 23:31:59
Hoodie 705,3042880.0,3.15,3 Colors,XXL,unisex,2025-05-21 23:31:59
Jacket 708,8541280.0,4.35,3 Colors,L,unisex,2025-05-21 23:31:59
Crewneck 709,7022400.0,3.95,3 Colors,XL,men,2025-05-21 23:31:59
Pants 712,1510400.0,4.15,3 Colors,M,men,2025-05-21 23:31:59
Jacket 714,892320.0,3.15,3 Colors,XL,unisex,2025-05-21 23:31:59
Crewneck 715,7021760.0,3.95,3 Colors,XXL,men,2025-05-21 23:31:59
Hoodie 717,1532800.0,3.65,3 Colors,M,unisex,2025-05-21 23:31:59
Pants 718,4057120.0,3.25,3 Colors,L,men,2025-05-21 23:31:59
Jacket 720,2028320.0,3.85,3 Colors,XXL,unisex,2025-05-21 23:31:59
Hoodie 723,5664800.0,3.45,3 Colors,L,unisex,2025-05-21 23:31:59
Pants 724,4824800.0,4.75,3 Colors,XL,men,2025-05-21 23:31:59
Jacket 726,6345920.0,3.55,3 Colors,S,unisex,2025-05-21 23:31:59
Crewneck 727,4024000.0,4.85,3 Colors,M,men,2025-05-21 23:31:59
Hoodie 729,6431360.0,3.65,3 Colors,XL,unisex,2025-05-21 23:31:59
Pants 730,7228800.0,4.55,3 Colors,XXL,men,2025-05-21 23:31:59
Jacket 732,6597600.0,3.95,3 Colors,M,unisex,2025-05-21 23:31:59
Crewneck 733,1162880.0,4.75,3 Colors,L,men,2025-05-21 23:31:59
Hoodie 735,4664320.0,4.05,3 Colors,XXL,unisex,2025-05-21 23:31:59
Jacket 738,1893920.0,3.75,3 Colors,L,unisex,2025-05-21 23:31:59
Crewneck 739,8072960.0,3.35,3 Colors,XL,men,2025-05-21 23:31:59
Pants 742,5626080.0,3.65,3 Colors,M,men,2025-05-21 23:31:59
Jacket 744,5175680.0,4.15,3 Colors,XL,unisex,2025-05-21 23:31:59
Crewneck 745,2882560.0,3.85,3 Colors,XXL,men,2025-05-21 23:31:59
Hoodie 747,6326880.0,4.75,3 Colors,M,unisex,2025-05-21 23:31:59
Pants 748,3134080.0,3.75,3 Colors,L,men,2025-05-21 23:31:59
Jacket 750,1030400.0000000001,3.75,3 Colors,XXL,unisex,2025-05-21 23:31:59
Hoodie 753,8137600.0,4.85,3 Colors,L,unisex,2025-05-21 23:31:59
Pants 754,7229760.0,3.15,3 Colors,XL,men,2025-05-21 23:31:59
Jacket 756,7128000.0,3.15,3 Colors,S,unisex,2025-05-21 23:31:59
Crewneck 757,7582720.0,4.45,3 Colors,M,men,2025-05-21 23:31:59
Hoodie 759,2779840.0,4.75,3 Colors,XL,unisex,2025-05-21 23:31:59
Pants 760,2191040.0,4.15,3 Colors,XXL,men,2025-05-21 23:31:59
Jacket 762,4091840.0,4.95,3 Colors,M,unisex,2025-05-21 23:31:59
Crewneck 763,5792640.0,3.95,3 Colors,L,men,2025-05-21 23:31:59
Hoodie 765,1343360.0,4.95,3 Colors,XXL,unisex,2025-05-21 23:31:59
Jacket 768,5662080.0,4.95,3 Colors,L,unisex,2025-05-21 23:31:59
Crewneck 769,6294560.0,3.35,3 Colors,XL,men,2025-05-21 23:31:59
Pants 772,8748160.0,3.45,3 Colors,M,men,2025-05-21 23:31:59
Jacket 774,1485760.0,4.15,3 Colors,XL,unisex,2025-05-21 23:31:59
Crewneck 775,8189440.0,3.15,3 Colors,XXL,men,2025-05-21 23:31:59
Hoodie 777,6104800.0,3.45,3 Colors,M,unisex,2025-05-21 23:31:59
Pants 778,6034720.0,4.25,3 Colors,L,men,2025-05-21 23:31:59
Jacket 780,2767520.0,3.45,3 Colors,XXL,unisex,2025-05-21 23:31:59
Hoodie 783,2510720.0,3.05,3 Colors,L,unisex,2025-05-21 23:31:59
Pants 784,5341280.0,3.05,3 Colors,XL,men,2025-05-21 23:31:59
Jacket 786,6749280.0,5.05,3 Colors,S,unisex,2025-05-21 23:31:59
Crewneck 787,4593600.0,4.75,3 Colors,M,men,2025-05-21 23:31:59
Hoodie 789,2153280.0,4.05,3 Colors,XL,unisex,2025-05-21 23:31:59
Pants 790,1708320.0,3.25,3 Colors,XXL,men,2025-05-21 23:31:59
Jacket 792,4068960.0,3.85,3 Colors,M,unisex,2025-05-21 23:31:59
Crewneck 793,8650080.0,4.05,3 Colors,L,men,2025-05-21 23:31:59
Hoodie 795,4209600.0,3.95,3 Colors,XXL,unisex,2025-05-21 23:31:59
Jacket 798,4391040.0,3.45,3 Colors,L,unisex,2025-05-21 23:31:59
Crewneck 799,4048800.0,4.25,3 Colors,XL,men,2025-05-21 23:31:59
Pants 802,5710240.0,4.45,3 Colors,M,men,2025-05-21 23:31:59
Jacket 804,4459040.0,3.95,3 Colors,XL,unisex,2025-05-21 23:31:59
Crewneck 805,3266720.0,4.85,3 Colors,XXL,men,2025-05-21 23:31:59
Hoodie 807,5016000.0,4.75,3 Colors,M,unisex,2025-05-21 23:31:59
Pants 808,8717760.0,3.25,3 Colors,L,men,2025-05-21 23:31:59
Jacket 810,3796640.0,4.85,3 Colors,XXL,unisex,2025-05-21 23:31:59
Hoodie 813,4872800.0,5.05,3 Colors,L,unisex,2025-05-21 23:31:59
Pants 814,1110080.0,4.75,3 Colors,XL,men,2025-05-21 23:31:59
Jacket 816,1649120.0,4.55,3 Colors,S,unisex,2025-05-21 23:31:59
Crewneck 817,8744160.0,4.45,3 Colors,M,men,2025-05-21 23:31:59
Hoodie 819,4742400.0,4.75,3 Colors,XL,unisex,2025-05-21 23:31:59
Pants 820,6030720.0,3.45,3 Colors,XXL,men,2025-05-21 23:31:59
Jacket 822,838240.0,4.25,3 Colors,M,unisex,2025-05-21 23:31:59
Crewneck 823,6103520.0,4.75,3 Colors,L,men,2025-05-21 23:31:59
Hoodie 825,1058400.0,3.85,3 Colors,XXL,unisex,2025-05-21 23:31:59
Jacket 828,2324000.0,4.65,3 Colors,L,unisex,2025-05-21 23:31:59
Crewneck 829,4630400.0,4.45,3 Colors,XL,men,2025-05-21 23:31:59
Pants 832,3955360.0,4.65,3 Colors,M,men,2025-05-21 23:31:59
Jacket 834,7223680.0,3.15,3 Colors,XL,unisex,2025-05-21 23:31:59
Crewneck 835,7143360.0,3.95,3 Colors,XXL,men,2025-05-21 23:31:59
Hoodie 837,5532640.0,5.05,3 Colors,M,unisex,2025-05-21 23:31:59
Pants 838,2848800.0,3.15,3 Colors,L,men,2025-05-21 23:31:59
Jacket 840,8164640.0,3.65,3 Colors,XXL,unisex,2025-05-21 23:31:59
Hoodie 843,2997120.0,3.65,3 Colors,L,unisex,2025-05-21 23:31:59
Pants 844,7422880.0,3.95,3 Colors,XL,men,2025-05-21 23:31:59
Jacket 846,7480480.0,3.65,3 Colors,S,unisex,2025-05-21 23:31:59
Crewneck 847,4789920.0,3.75,3 Colors,M,men,2025-05-21 23:31:59
Hoodie 849,7816160.0,3.55,3 Colors,XL,unisex,2025-05-21 23:31:59
Pants 850,4144160.0,4.25,3 Colors,XXL,men,2025-05-21 23:31:59
Jacket 852,2777280.0,4.15,3 Colors,M,unisex,2025-05-21 23:31:59
Crewneck 853,2643840.0,3.45,3 Colors,L,men,2025-05-21 23:31:59
Hoodie 855,3249760.0,5.05,3 Colors,XXL,unisex,2025-05-21 23:31:59
Jacket 858,3748640.0,3.75,3 Colors,L,unisex,2025-05-21 23:31:59
Crewneck 859,6418560.0,3.05,3 Colors,XL,men,2025-05-21 23:31:59
Pants 862,4131359.9999999995,3.35,3 Colors,M,men,2025-05-21 23:31:59
Jacket 864,2168000.0,4.55,3 Colors,XL,unisex,2025-05-21 23:31:59
Crewneck 865,6805120.0,3.95,3 Colors,XXL,men,2025-05-21 23:31:59
Hoodie 867,1303840.0,3.35,3 Colors,M,unisex,2025-05-21 23:31:59
Pants 868,7473760.0,4.65,3 Colors,L,men,2025-05-21 23:31:59
Jacket 870,6395040.0,3.55,3 Colors,XXL,unisex,2025-05-21 23:31:59
Hoodie 873,8321600.0,4.85,3 Colors,L,unisex,2025-05-21 23:31:59
Pants 874,2755200.0,4.45,3 Colors,XL,men,2025-05-21 23:31:59
Jacket 876,3225760.0,4.65,3 Colors,S,unisex,2025-05-21 23:31:59
Crewneck 877,4552640.0,4.65,3 Colors,M,men,2025-05-21 23:31:59
Hoodie 879,1026880.0000000001,3.15,3 Colors,XL,unisex,2025-05-21 23:31:59
Pants 880,6497760.0,4.35,3 Colors,XXL,men,2025-05-21 23:31:59
Jacket 882,6420960.0,3.35,3 Colors,M,unisex,2025-05-21 23:31:59
Crewneck 883,5901120.0,3.65,3 Colors,L,men,2025-05-21 23:31:59
Hoodie 885,4760640.0,3.45,3 Colors,XXL,unisex,2025-05-21 23:31:59
Jacket 888,7869280.0,4.25,3 Colors,L,unisex,2025-05-21 23:31:59
Crewneck 889,6333920.0,4.65,3 Colors,XL,men,2025-05-21 23:31:59
Pants 892,8515360.0,4.45,3 Colors,M,men,2025-05-21 23:31:59
Jacket 894,2946560.0,4.85,3 Colors,XL,unisex,2025-05-21 23:31:59
Crewneck 895,1126720.0,4.35,3 Colors,XXL,men,2025-05-21 23:31:59
Hoodie 897,6077920.0,3.15,3 Colors,M,unisex,2025-05-21 23:31:59
Pants 898,8408640.0,4.15,3 Colors,L,men,2025-05-21 23:31:59
Jacket 900,7214240.0,3.35,3 Colors,XXL,unisex,2025-05-21 23:31:59
Hoodie 903,2617920.0,4.15,3 Colors,L,unisex,2025-05-21 23:31:59
Pants 904,3356320.0,3.95,3 Colors,XL,men,2025-05-21 23:31:59
Jacket 906,4301760.0,3.95,3 Colors,S,unisex,2025-05-21 23:31:59
Crewneck 907,8732640.0,4.95,3 Colors,M,men,2025-05-21 23:31:59
Hoodie 909,8383840.0,3.65,3 Colors,XL,unisex,2025-05-21 23:31:59
Pants 910,2395200.0,4.75,3 Colors,XXL,men,2025-05-21 23:31:59
Jacket 912,7853280.0,4.95,3 Colors,M,unisex,2025-05-21 23:31:59
Crewneck 913,3222240.0,3.55,3 Colors,L,men,2025-05-21 23:31:59
Hoodie 915,2649120.0,4.25,3 Colors,XXL,unisex,2025-05-21 23:31:59
Jacket 918,5380800.0,3.35,3 Colors,L,unisex,2025-05-21 23:31:59
Crewneck 919,8364000.0,4.75,3 Colors,XL,men,2025-05-21 23:31:59
Pants 922,1210880.0,4.45,3 Colors,M,men,2025-05-21 23:31:59
Jacket 924,3764320.0,3.85,3 Colors,XL,unisex,2025-05-21 23:31:59
Crewneck 925,7900800.0,4.55,3 Colors,XXL,men,2025-05-21 23:31:59
Hoodie 927,7706400.0,3.55,3 Colors,M,unisex,2025-05-21 23:31:59
Pants 928,3911680.0,3.45,3 Colors,L,men,2025-05-21 23:31:59
Jacket 930,1741120.0,4.95,3 Colors,XXL,unisex,2025-05-21 23:31:59
Hoodie 933,4960800.0,3.45,3 Colors,L,unisex,2025-05-21 23:31:59
Pants 934,2248160.0,3.65,3 Colors,XL,men,2025-05-21 23:31:59
Jacket 936,6165440.0,3.15,3 Colors,S,unisex,2025-05-21 23:31:59
Crewneck 937,2475360.0,4.15,3 Colors,M,men,2025-05-21 23:31:59
Hoodie 939,4466080.0,4.85,3 Colors,XL,unisex,2025-05-21 23:31:59
Pants 940,5776000.0,3.75,3 Colors,XXL,men,2025-05-21 23:31:59
Jacket 942,7972960.0,3.05,3 Colors,M,unisex,2025-05-21 23:31:59
Crewneck 943,4571040.0,4.45,3 Colors,L,men,2025-05-21 23:31:59
Hoodie 945,2107680.0,4.25,3 Colors,XXL,unisex,2025-05-21 23:31:59
Jacket 948,4600480.0,3.95,3 Colors,L,unisex,2025-05-21 23:31:59
Crewneck 949,1844320.0,4.45,3 Colors,XL,men,2025-05-21 23:31:59
Pants 952,7155040.0,3.75,3 Colors,M,men,2025-05-21 23:31:59
Jacket 954,3878720.0,4.15,3 Colors,XL,unisex,2025-05-21 23:31:59
Crewneck 955,7006560.0,4.75,3 Colors,XXL,men,2025-05-21 23:31:59
Hoodie 957,4024320.0,4.45,3 Colors,M,unisex,2025-05-21 23:31:59
Pants 958,3946240.0,4.85,3 Colors,L,men,2025-05-21 23:31:59
Jacket 960,5840160.0,4.55,3 Colors,XXL,unisex,2025-05-21 23:31:59
Hoodie 963,7916160.0,4.65,3 Colors,L,unisex,2025-05-21 23:31:59
Pants 964,3885280.0,3.35,3 Colors,XL,men,2025-05-21 23:31:59
Jacket 966,8499520.0,4.95,3 Colors,S,unisex,2025-05-21 23:31:59
Crewneck 967,1744000.0,3.55,3 Colors,M,men,2025-05-21 23:31:59
Hoodie 969,4231840.0,3.85,3 Colors,XL,unisex,2025-05-21 23:31:59
Pants 970,952960.0,4.65,3 Colors,XXL,men,2025-05-21 23:31:59
Jacket 972,7272000.0,4.45,3 Colors,M,unisex,2025-05-21 23:31:59
Crewneck 973,7134400.0,3.95,3 Colors,L,men,2025-05-21 23:31:59
Hoodie 975,4816000.0,3.65,3 Colors,XXL,unisex,2025-05-21 23:31:59
Jacket 978,3918240.0,3.65,3 Colors,L,unisex,2025-05-21 23:31:59
Crewneck 979,4848480.0,3.45,3 Colors,XL,men,2025-05-21 23:31:59
Pants 982,7281760.0,4.95,3 Colors,M,men,2025-05-21 23:31:59
Jacket 984,7349440.0,3.85,3 Colors,XL,unisex,2025-05-21 23:31:59
Crewneck 985,6236000.0,4.35,3 Colors,XXL,men,2025-05-21 23:31:59
Hoodie 987,4008000.0,4.75,3 Colors,M,unisex,2025-05-21 23:31:59
Pants 988,2054239.9999999998,3.55,3 Colors,L,men,2025-05-21 23:31:59
Jacket 990,3327360.0,4.25,3 Colors,XXL,unisex,2025-05-21 23:31:59
Hoodie 993,6361920.0,3.45,3 Colors,L,unisex,2025-05-21 23:31:59
Pants 994,1693760.0,4.45,3 Colors,XL,men,2025-05-21 23:31:59
Jacket 996,6942400.0,4.35,3 Colors,S,unisex,2025-05-21 23:31:59
Crewneck 997,5321280.0,3.95,3 Colors,M,men,2025-05-21 23:31:59
Hoodie 999,8534240.0,4.85,3 Colors,XL,unisex,2025-05-21 23:31:59
Pants 1000,2938240.0,4.75,3 Colors,XXL,men,2025-05-21 23:31:59
